video_id,channel,title,published_at,views,likes,comments,signal_score,trusted_channel,promotional,film,scanned_at,channel_id,description,thumbnail_url,duration
tKKZGqzZrYM,Tamil Talkies,"IDHAYAM MURALI Review - Atharvaa Murali, Fahadh Faasil - Tamil Talkies",2026-07-10T22:00:12Z,265793,3747,285,5,True,False,Idhayam Murali,2026-07-13 11:29:07.942349+00:00,,,,
1JAfJ6lazmE,Makkal Talkies,Gandhi Talks Public Review | Gandhi Talks Movie Review | Gandhi Talks Review | tamilcinemareview,2026-01-30T11:41:00Z,142250,864,4,2,False,False,Gandhi Talks,2026-07-13 11:29:07.942349+00:00,,,,
iw_OwVt764A,Mr. GK Movie Man,Gandhi Talks Movie Review | Mr.GK Movie Man,2026-01-30T14:06:44Z,7917,198,7,2,False,False,Gandhi Talks,2026-07-13 11:29:07.942349+00:00,,,,
cbllSrGPjs0,KaKi's Talkies,"Gandhi Talks - Movie Review | Vijay Sethupathi, Arvind Swamy, Aditi Rao | Kishor | KaKis Talkies",2026-01-30T14:47:05Z,37603,863,29,2,False,False,Gandhi Talks,2026-07-13 11:29:07.942349+00:00,,,,
YH_HeVOtpfA,Second Show,"'Gandhi Talks' Movie Review | Kishor Pandurang Belekar - Vijay Sethupathi, Arvind Swamy - A.R.Rahman",2026-02-08T11:21:51Z,18622,427,28,2,False,False,Gandhi Talks,2026-07-13 11:29:07.942349+00:00,,,,
nTpsJJG068E,Tamil Talkies,"GANDHI TALKS Review - Vijay Sethupathi, Arvind Swamy - Tamil Talkies",2026-01-31T02:52:21Z,256351,3211,216,5,True,False,Gandhi Talks,2026-07-13 11:29:07.942349+00:00,,,,
gIS58gBJVpY,tamilcinemareview,GANDHI TALKS review by prashanth,2026-01-31T17:47:20Z,16343,318,20,2,False,False,Gandhi Talks,2026-07-13 11:29:07.942349+00:00,,,,
sX-AyaZtsi4,Filmi craft,Gandhi Talks Movie Review by Filmi craft Arun | Vijay Sethupathi | Arvind Swamy | Aditi Rao Hydari,2026-01-30T05:21:18Z,60431,1224,102,2,False,False,Gandhi Talks,2026-07-13 11:29:07.942349+00:00,,,,
udOlKexHZws,Valai Pechu,Valai Pechu | Thaai Kizhavi Movie Review | Radikaa Sarathkumar | Video 3149 | 26th Feb 2026,2026-02-26T15:08:13Z,107308,2095,133,5,True,False,Thaai Kizhavi,2026-07-13 11:29:07.942349+00:00,,,,
hUkEKgXPFg4,Mr. GK Movie Man,Thaai Kizhavi Movie Review  Mr.GK Movie Man,2026-02-27T16:09:36Z,8908,261,12,2,False,False,Thaai Kizhavi,2026-07-13 11:29:07.942349+00:00,,,,
hKKNokV3KwM,Thi Cinemas,Thaai Kizhavi Public Review | Thaai Kizhavi Review | Radikaa Sarathkumar,2026-02-27T06:34:18Z,73326,807,56,2,False,False,Thaai Kizhavi,2026-07-13 11:29:07.942349+00:00,,,,
mLOgiQrhx0g,The Fencer Show,Gandhi Talks Movie Review Tamil | Gandhi Talks Review Tamil | Gandhi Talks Tamil Review,2026-01-29T20:25:26Z,13910,238,17,2,False,False,Gandhi Talks,2026-07-13 11:29:07.942349+00:00,,,,
M-gFUEPTdcM,Sudhir Srinivasan,Sudhir Srinivasan's The Long Review: THAAI KIZHAVI | Radhika | Sivakarthikeyan | Sivakumar Murugesan,2026-02-28T11:00:36Z,16989,332,48,2,False,False,Thaai Kizhavi,2026-07-13 11:29:07.942349+00:00,,,,
Jo__DrJMk4M,Trend Talks,Thaai Kizhavi Movie Public Review | Radikaa Sarathkumar l Sivakumar Murugesan | Sivakarthikeyan,2026-02-27T10:04:37Z,13411,84,5,2,False,False,Thaai Kizhavi,2026-07-13 11:29:07.942349+00:00,,,,
aiDE5EQH7VE,Black Pepper News,Thaai Kizhavi Public Review | Thaai Kizhavi Review | Radhika Sarathkumar | SK | Sivakumar Murugesan,2026-02-27T03:16:40Z,146159,1011,54,2,False,False,Thaai Kizhavi,2026-07-13 11:29:07.942349+00:00,,,,
ttw1NaUcxb0,KaKi's Talkies,Thaai Kizhavi - Movie Review | Radikaa Sarathkumar | Sivakumar Murugesan | KaKis Talkies,2026-02-26T15:30:00Z,72362,1825,99,2,False,False,Thaai Kizhavi,2026-07-13 11:29:07.942349+00:00,,,,
h82wnFt1bsM,Second Show,'தாய் கிழவி' விமர்சனம் - 'Thaai Kizhavi' Movie Review | Sivakumar Murugesan - Radhika Sarathkumar,2026-02-27T00:00:06Z,57405,1441,161,2,False,False,Thaai Kizhavi,2026-07-13 11:29:07.942349+00:00,,,,
Kst9sXhYsZw,Recent Voice,Thaai Kizhavi Movie Review | Radikaa Sarathkumar | Sivakumar Murugesan | Nivas Prasanna | Review,2026-02-25T18:03:04Z,19751,248,11,2,False,False,Thaai Kizhavi,2026-07-13 11:29:07.942349+00:00,,,,
sGZ_wEjhu5U,Tamil Talkies,"THAAI KIZHAVI Review - Raadhika, Sivakarthikeyan - Tamil Talkies",2026-02-26T21:36:56Z,703261,9707,936,5,True,False,Thaai Kizhavi,2026-07-13 11:29:07.942349+00:00,,,,
cuRKtVyxAAc,Critics Mohan,Kara Review #dhanush #mamithabaiju Kara Movie Review | CriticsMohan | Kara Tamil Movie ,2026-05-01T07:42:28Z,4257,95,4,2,False,False,Kara,2026-07-13 11:29:07.942349+00:00,,,,
IBvWhGDjvqk,"Mr Mus . 1.5 crore views . 1 hour ago




...",Kara Public Review | Kara Review | Kara Movie Review | Dhanush | Vignesh raja,2026-04-29T05:30:15Z,6802,43,0,2,False,False,Kara,2026-07-13 11:29:07.942349+00:00,,,,
-6Y2wvKsZwk,Delite Cinemas,"""KARA🔥Movie Review""🍿l Dhanush🔥l Vignesh Raja🔥l By Delite Cinemas 💫",2026-04-30T08:45:53Z,36513,2098,75,2,False,False,Kara,2026-07-13 11:29:07.942349+00:00,,,,
rRL7e36tzY0,Makkal Vote,Kara Public Review | Kara Movie Review | Kara Review Tamil | Dhanush Speech | Kara tamilcinemareview,2026-04-30T18:20:00Z,288687,3260,39,2,False,False,Kara,2026-07-13 11:29:07.942349+00:00,,,,
3WR4xuFcvc4,Filmi craft,Thaai Kizhavi Movie Review by Filmi craft Arun | Radikaa Sarathkumar| Singampuli|Sivakumar Murugesan,2026-02-27T05:15:35Z,87095,2121,147,2,False,False,Thaai Kizhavi,2026-07-13 11:29:07.942349+00:00,,,,
jHYMjoqChwY,"Mr Mus . 1.5 crore views . 1 hour ago




...",Kara Public Review | Kara Review | Kara Movie Review | Dhanush | Vignesh raja,2026-03-26T10:48:08Z,21286,80,0,2,False,False,Kara,2026-07-13 11:29:07.942349+00:00,,,,
P9wB0hzx57c,Tamil Talkies,"GANDHI TALKS Review - Vijay Sethupathi, Arvind Swamy - Tamil Talkies",2026-02-02T18:41:36Z,40697,589,4,5,True,False,Gandhi Talks,2026-07-13 11:29:07.942349+00:00,,,,
g1UkE6R1YwQ,Filmibeat Tamil,Gandhi Talks Review | Vijay Sethupathi | Arvind Swamy | Aditi Rao | A.R.Rahman |Siddharth J |Kishore,2026-01-30T08:52:09Z,3377,32,0,2,False,False,Gandhi Talks,2026-07-13 11:29:07.942349+00:00,,,,
HHu7PHif4mE,Trendswood Tv,YOUTH - Movie Review & Ratings | Padam WORTH ah ?,2026-03-19T07:42:40Z,60884,5171,180,2,False,False,Youth,2026-07-13 11:29:07.942349+00:00,,,,
xVSWCSc5Er4,Oyster Zone,Youth 2026 Movie Review | Ken Karunas | Anishma Anilkumar | Priyanshi Yadav | Review & Facts,2026-03-30T03:22:21Z,818096,0,0,2,False,False,Youth,2026-07-13 11:29:07.942349+00:00,,,,
dzMotcbkyV0,Vaai Savadaal,YOUTH REVIEW,2026-03-20T13:05:46Z,70934,3739,287,2,False,False,Youth,2026-07-13 11:29:07.942349+00:00,,,,
OoMQuy2Pzx0,Valai Pechu,Valai Pechu | Youth Movie Review 😎 | Ken Karunas | GV Prakash Kumar | Video 3170 | 19th Mar 2026,2026-03-19T10:57:12Z,128701,2549,103,5,True,False,Youth,2026-07-13 11:29:07.942349+00:00,,,,
5mKThr0YJlI,Thi Cinemas,Youth Public Review | Ken Karunas | Youth Review,2026-03-19T06:59:51Z,397116,6398,196,2,False,False,Youth,2026-07-13 11:29:07.942349+00:00,,,,
QlIBfkb21Mc,Filmi craft,Youth movie Review by Filmi craft Arun | Ken Karunaas | Suraj Venjaramoodu | GV Prakash Kumar,2026-03-19T10:39:36Z,90879,1877,146,2,False,False,Youth,2026-07-13 11:29:07.942349+00:00,,,,
ECZlvHorom8,KaKi's Talkies,"Youth - Tamil Movie Review | Ken Karunaas, Devadarshini, Suraj | GV Prakash | KaKis Talkies",2026-03-19T12:53:59Z,52629,1236,68,2,False,False,Youth,2026-07-13 11:29:07.942349+00:00,,,,
j268kVQY98Y,tamilcinemareview,YOUTH review by prashanth,2026-03-20T16:44:24Z,53370,1413,101,2,False,False,Youth,2026-07-13 11:29:07.942349+00:00,,,,
TUfsVzU8yvI,Tamil Talkies,YOUTH Review - GV Prakash - Tamil Talkies,2026-03-19T22:43:50Z,556724,8776,603,5,True,False,Youth,2026-07-13 11:29:07.942349+00:00,,,,
FoSTbBc2T1A,Jackie Cinemas,"29 Tamil Movie Review | Vidhu, Preethi Asrani | Sean Roldan | Rathna Kumar | jackiecinemas review",2026-06-09T07:11:20Z,2754,111,29,2,False,False,29,2026-07-13 11:29:07.942349+00:00,,,,
QNMiCPLja_M,Critics Mohan,Gandhi Talks Review Tamil Movie | Vijaysethupathi X Arvindh Swamy X Aditirao | Gandhi Talks Enview ,2026-02-01T03:59:33Z,3742,81,2,2,False,False,Gandhi Talks,2026-07-13 11:29:07.942349+00:00,,,,
-RklEacnCro,Hijack Movies,29 Full Movie in tamil (2026) Vidhu | Preethi Asrani | Leona Lishoy | Full Movie | review & facts ,2026-06-10T13:45:03Z,124691,717,0,2,False,False,29,2026-07-13 11:29:07.942349+00:00,,,,
pn-laKJkdQw,Galatta Plus,29 Movie Review By Baradwaj Rangan | Vidhu | Preethi Asrani | Sean Roldan | Rathna Kumar,2026-05-11T13:07:45Z,15149,221,18,2,False,False,29,2026-07-13 11:29:07.942349+00:00,,,,
zeZIjZA_src,tamilcinemareview,29 - A slow and heartfelt review!,2026-06-15T15:19:23Z,13582,431,30,2,False,False,29,2026-07-13 11:29:07.942349+00:00,,,,
Gn-2a9OQdDM,Sudhir Srinivasan,Sudhir Srinivasan's The Long Review: 29 | Rathna Kumar | Vidhu | Preethi Asrani | Sean Roldan,2026-05-09T14:15:24Z,11316,325,24,2,False,False,29,2026-07-13 11:29:07.942349+00:00,,,,
NkTEwLHiRFU,Indianfilmyflick ,29 Tamil Full Movie Vidhu | Preethi Asrani | Leona Lishoy | Avinash | Mahendran | Review and facts ,2026-06-09T13:45:06Z,112365,450,0,2,False,False,29,2026-07-13 11:29:07.942349+00:00,,,,
n2oefl9BEeo,The Fencer Show,29 Movie Review Tamil by The Fencer Show | 29 Review Tamil | 29 Tamil Review,2026-05-08T15:30:07Z,16408,260,11,2,False,False,29,2026-07-13 11:29:07.942349+00:00,,,,
H1udCndPTU0,Second Show,'29' Movie Review - Rathna Kumar Vidhu Preethi Asrani Sean Roldan Lokesh Kanagaraj Karthik Subbaraj,2026-05-09T12:52:46Z,19866,488,103,2,False,False,29,2026-07-13 11:29:07.942349+00:00,,,,
rZ6TkZABsKA,Filmi craft,29 Movie Review by Filmi craft Arun | Vidhu | Preethi Asrani | Mahendran | Rathna Kumar,2026-05-08T15:46:30Z,59875,1227,86,2,False,False,29,2026-07-13 11:29:07.942349+00:00,,,,
u7_ZXKuN69o,ennapa comedya,29 Full Movie In Tamil (2026) Vidhu | Preethi Asrani | Leona Lishoy | Mahendran | Review Tamil movie,2026-06-09T15:43:27Z,97977,618,8,2,False,False,29,2026-07-13 11:29:07.942349+00:00,,,,
QQWfysygeLQ,KaKi's Talkies,"29 - Tamil Movie Review | Vidhu, Preethi Asrani | Sean Roldan | Rathna Kumar | KaKis Talkies",2026-05-08T13:03:41Z,47381,926,57,2,False,False,29,2026-07-13 11:29:07.942349+00:00,,,,
OuKiix3n8-U,Thi Cinemas,Gandhi Talks Public Review | Vijay Sethupathi | Gandhi Talks Review,2026-01-30T07:40:49Z,75338,614,42,2,False,False,Gandhi Talks,2026-07-13 11:29:07.942349+00:00,,,,
8bR25N7Tl-Y,Newston Cinema,29 Movie Public Review | 29 Movie Review | 29 Tamil Movie Review | 29 FDFS Review | Preethi Asrani,2026-05-08T11:48:39Z,355052,5524,21,2,False,False,29,2026-07-13 11:29:07.942349+00:00,,,,
Toas2mtps7c,Aswanth Kok,Youth Review Malayalam | Ken Karunas | Suraj Venjaramoodu | GV Prakash Kumar,2026-03-19T17:53:44Z,141676,2669,190,2,False,False,Youth,2026-07-13 11:29:07.942349+00:00,,,,
vEgYmiOrmtg,KaKi's Talkies,"Kara - Tamil Movie Review | Dhanush, Mamitha, Suraj | Vignesh Raja | GV Prakash | KaKis Talkies",2026-04-30T11:35:41Z,64277,1547,118,2,False,False,Kara,2026-07-13 11:29:07.942349+00:00,,,,
haLV011BfjA,Tamil Talkies,"KARA Review - Dhanush, KS Ravi Kumar, Jayaram, GV Prakash, Suraj, Mamitha Baiju - Tamil Talkies",2026-04-30T22:54:37Z,504826,7107,660,5,True,False,Kara,2026-07-13 11:29:07.942349+00:00,,,,
LLmkti_XkMk,Tamil Talkies,"PARIMALA AND CO Review - Mysskin, Jayaram, Pandiraaj, Urvashi - Tamil Talkies",2026-06-05T22:01:40Z,295475,3841,275,5,True,False,Parimala and Co,2026-07-13 11:29:07.942349+00:00,,,,
lvbJI7VzyRU,KaKi's Talkies,"Karuppu - Movie Review | Suriya, Trisha, Indrans | RJ Balaji | Sai Abhyankar | KaKis Talkies",2026-05-15T12:03:15Z,92118,2302,152,2,False,False,Karuppu,2026-07-13 11:29:07.942349+00:00,,,,
DE2JuWZH8dE,Engal Movies,"Karuppu Tamil Full Movie 2026 | Suriya | RJ Balaji | Trisha | ‪Karuppu Movie Review, Fact & Analysis",2026-06-27T13:30:02Z,852247,8206,0,2,False,False,Karuppu,2026-07-13 11:29:07.942349+00:00,,,,
q1Yk7mOv2GQ,Tubelight Mind,Karuppu Movie Honest Review 🔥😮 surya comeback? Theatre Vlog 🔥😅Rj balaji / Trisha #movie #surya,2026-05-18T12:22:29Z,1738637,101287,700,2,False,False,Karuppu,2026-07-13 11:29:07.942349+00:00,,,,
RsGnSmmPdkc,VAALIBAN REVIEW ,🔥DAY 6 🔥Karuppu Movie Review |Karuppu Public ReviewKaruppu Review |Surya |RJ Balaji Surya review,2026-05-19T11:14:04Z,6269,193,18,2,False,False,Karuppu,2026-07-13 11:29:07.942349+00:00,,,,
zMgM3qKu5oQ,Bingoo Box,Karuppu Public Review | Karuppu Review | Karuppu Movie Review Suriya Karuppu Tamil Cinema Review,2026-05-16T04:42:03Z,18943,525,86,2,False,False,Karuppu,2026-07-13 11:29:07.942349+00:00,,,,
ylodPAUV4SI,B5 Voice,Karuppu Movie Explained Story & Review In Tamil / Tamil New Movies / B5 Voice ,2026-05-15T12:32:36Z,556900,5294,409,2,False,False,Karuppu,2026-07-13 11:29:07.942349+00:00,,,,
CswWdLyJ5uI,Gurubaai,Karuppu Discussion,2026-05-17T07:26:06Z,550837,18855,568,2,False,False,Karuppu,2026-07-13 11:29:07.942349+00:00,,,,
dLVO165vC2I,Empty Hand,Karuppu Movie Review - உண்மையா நல்லா இருக்கா? Suriya | RJB | Trisha | ‪Sai Abhyankkar‬ | Tamil,2026-05-15T14:42:16Z,850765,30497,1388,2,False,False,Karuppu,2026-07-13 11:29:07.942349+00:00,,,,
3KDXJbHSubM,Filmi craft,Karuppu Movie Review by Filmi craft Arun | Suriya | Trisha Krishnan | RJ Balaji,2026-05-15T08:26:19Z,179787,4264,386,2,False,False,Karuppu,2026-07-13 11:29:07.942349+00:00,,,,
1qP32L5hyO4,Filmi craft,Parimala and Co Movie Review by Filmi craft Arun | Jayaram | Urvashi | Mysskin | Pandiraaj,2026-06-05T10:17:39Z,73587,1612,127,2,False,False,Parimala and Co,2026-07-13 11:29:07.942349+00:00,,,,
5LA6GUH2pA8,tamilcinemareview,KARUPPU review by prashanth,2026-05-15T11:16:09Z,243935,6960,669,2,False,False,Karuppu,2026-07-13 11:29:07.942349+00:00,,,,
OjlO3i690xU,Bingoo Box,❤️❤️ Idhayam Murali Public Review Idhayam Murali Movie Review Idhayam Murali Movie Public Review,2026-07-10T07:44:31Z,57308,982,31,2,False,False,Idhayam Murali,2026-07-13 11:29:07.942349+00:00,,,,
2ZyWagYyd1M,Chennai Day,IdhayamMurali Review | Idhayam Murali Movie Review | IdhayamMurali Review tamil | IdhayamMurali ! ,2026-07-10T07:31:23Z,8045,205,6,2,False,False,Idhayam Murali,2026-07-13 11:29:07.942349+00:00,,,,
Z1Vld_CNUJo,B5 Voice,Idhayam Murali Movie Explained Story & Review In Tamil / New HD Movies Tamil / Explained Movies ,2026-07-10T11:52:54Z,23637,340,43,2,False,False,Idhayam Murali,2026-07-13 11:29:07.942349+00:00,,,,
uVQanfNtU70,Valai Pechu,Valai Pechu | ❤️ Idhayam Murali Movie Review | Atharvaa | Kayadu Lohar | Video 3285 | 10th July 2026,2026-07-10T13:05:13Z,78637,1654,51,5,True,False,Idhayam Murali,2026-07-13 11:29:07.942349+00:00,,,,
zzWet6khCHE,tamilcinemareview,IDHAYAM MURALI review by prashanth,2026-07-10T13:11:16Z,48613,1012,92,2,False,False,Idhayam Murali,2026-07-13 11:29:07.942349+00:00,,,,
ghgTkC-SI9U,KaKi's Talkies,"Idhayam Murali - Movie Review | Atharvaa, Fahadh Faasil, Preity, Kayadu | Thaman | KaKis Talkies",2026-07-10T11:25:22Z,48862,1257,100,2,False,False,Idhayam Murali,2026-07-13 11:29:07.942349+00:00,,,,
x30_j_7Si8Y,Chennai Bites ,Idhayam Murali Public Review | Idhayam Murali Review | Idhayam Murali Movie Review | Atharva,2026-07-10T00:01:06Z,25860,310,0,2,False,False,Idhayam Murali,2026-07-13 11:29:07.942349+00:00,,,,
UU216Zdz2lc,Trendswood Tv,Idhayam Murali - Movie Review & Ratings | Padam WORTH ah ?,2026-07-10T14:16:30Z,46972,3959,120,2,False,False,Idhayam Murali,2026-07-13 11:29:07.942349+00:00,,,,
4v6OWiZAv7Q,Filmi craft,Idhayam Murali Movie Review by Filmicraft Arun|Atharvaa|Kayadu Lohar|Preity Mukhundhan,2026-07-10T14:27:12Z,62538,1539,144,2,False,False,Idhayam Murali,2026-07-13 11:29:07.942349+00:00,,,,
K5MWi0ddM-Q,Thi Cinemas,Idhayam Murali Public Review | Atharvaa | Fahadh Faasil | Idhayam Murali Review,2026-07-10T07:06:30Z,164156,2207,89,2,False,False,Idhayam Murali,2026-07-13 11:29:07.942349+00:00,,,,
La5WyvyO4HM,Tamil Talkies,"KARUPPU Review - Suriya, Trisha, RJ Balaji - Tamil Talkies",2026-05-15T23:01:29Z,942342,17865,3016,5,True,False,Karuppu,2026-07-13 11:29:07.942349+00:00,,,,
z1iWBA43b8g,Makkal Talkies,Kara Movie Public Review | Kara Review Tamil | Dhanush | Suraj | Mamitha | Kara tamilcinemareview,2026-05-02T07:45:08Z,376593,4091,41,2,False,False,Kara,2026-07-13 11:29:07.942349+00:00,,,,
u3tOHprtNAI,KaKi's Talkies,"Parimala and Co - Movie Review | Jayaram, Urvasi, Mysskin | Foxn | Pandiraaj | KaKis Talkies",2026-06-05T09:45:55Z,57831,1145,70,2,False,False,Parimala and Co,2026-07-13 11:29:07.942349+00:00,,,,
eHkjU_Fx_9Y,FEATU GADI MEDIA,Parimala and Co Movie Review Telugu | Parimala And Co Telugu Review | Parimala And Co Review,2026-07-11T08:42:15Z,43943,1089,60,2,False,False,Parimala and Co,2026-07-13 11:29:07.942349+00:00,,,,
PneX7CumxoQ,Second Show,"'கர' திரைப்பட விமர்சனம் 'Kara' Movie Review | Vignesh Raja, Dhanush, Mamitha Baiju, GV Prakash Kumar",2026-05-01T15:03:41Z,33122,894,133,2,False,False,Kara,2026-07-13 11:29:07.942349+00:00,,,,
gDNceT8979U,Shafi Zone,கரசாமி ❌ ஆள விட்றா சாமி ✅ Kara Movie Honest Review 🤔 Shafi Zone,2026-04-30T08:52:19Z,61520,1694,84,2,False,False,Kara,2026-07-13 11:29:07.942349+00:00,,,,
ccjasf80_dw,tamilcinemareview,KARA review by prashanth,2026-04-30T09:00:34Z,94001,1626,155,2,False,False,Kara,2026-07-13 11:29:07.942349+00:00,,,,
doqGi23QOu4,Uruttu Arafath Voice,Gatta Kusthi 2 Movie Review 😱💥 || Thalapathy Reference 🔥 #gattakusthi2review #vishnuvishal #shorts,2026-07-03T11:41:45Z,408200,21224,123,2,False,False,Gatta Kusthi 2,2026-07-13 11:29:07.942349+00:00,,,,
fNoFDa-QWuo,Azoraho Shoots,Gatta Kusthi 2 Tamil Full Movie (2026) | Vishnu Vishal | Aishwarya Lekshmi |Ajay | Review with Facts,2026-07-09T15:53:12Z,30559,166,0,2,False,False,Gatta Kusthi 2,2026-07-13 11:29:07.942349+00:00,,,,
5BPzwwcChO4,Thi Cinemas,Gatta Kusthi 2 Public Review | Vishnu Vishal | Gatta Kusthi 2 Review,2026-07-03T07:05:41Z,63672,672,80,2,False,False,Gatta Kusthi 2,2026-07-13 11:29:07.942349+00:00,,,,
qYiwgZPiqPk,Trendswood Tv,Gatta Kusthi 2 - Movie Review & Ratings | Padam WORTH ah ?,2026-07-03T02:15:15Z,53575,4176,83,2,False,False,Gatta Kusthi 2,2026-07-13 11:29:07.942349+00:00,,,,
QkGUFx1Ns8Y,Bingoo Box,Gatta Kusthi 2 Public Review | Gatta Kusthi 2 Review | Gatta Kusthi 2 Movie Review | Vishnu Vishal,2026-07-03T07:34:08Z,40939,741,68,2,False,False,Gatta Kusthi 2,2026-07-13 11:29:07.942349+00:00,,,,
tWfZJPhxo6o,Tamil Talkies,"GATTA KUSTHI ROUND 2 Review - Vishnu Vishal, Aishwarya Lekshmi, Karunas - Tamil Talkies",2026-07-03T22:25:44Z,349730,6047,489,5,True,False,Gatta Kusthi 2,2026-07-13 11:29:07.942349+00:00,,,,
G-PQXCuMTjM,Second Show,"'கட்டா குஸ்தி 2' விமர்சனம் 'Gatta Kusthi 2' Review | Vishnu Vishal, Aishwarya Lekshmi - Sean Roldan",2026-07-09T14:05:56Z,12694,340,53,2,False,False,Gatta Kusthi 2,2026-07-13 11:29:07.942349+00:00,,,,
a28ZC5uxjXU,Varun Talks,Parimala & Co Movie Review | Jayaram | Urvashi | Mysskin | Pandiraj | Yogi Babu | Varun Talks,2026-06-05T07:08:46Z,31230,425,32,2,False,False,Parimala and Co,2026-07-13 11:29:07.942349+00:00,,,,
BmL8FpW59DM,Tube Movies,Blast (2026)| Blast Tamil Full Movie Explain| Arjun | Abhirami | Preity Mukhundhan | Movie Review,2026-07-07T16:30:39Z,78788,336,0,2,False,False,Blast,2026-07-13 11:29:07.942349+00:00,,,,
zkQWiCji7Hw,Filmi craft,Blast Movie Review by Filmi craft Arun | Arjun Sarja | Abhirami | Preity Mukhundhan | Subash K. Raj,2026-05-28T07:48:26Z,139510,3179,213,2,False,False,Blast,2026-07-13 11:29:07.942349+00:00,,,,
eoUU6YCNAGs,ZyroFlix,Blast (2026) Tamil Full Movie Arjun Sarja | Abhirami | Prety Mukhundhan | John Kokken |Review & Fact,2026-06-28T10:30:13Z,593283,3621,0,2,False,False,Blast,2026-07-13 11:29:07.942349+00:00,,,,
AvPRJgNnkxc,tamilcinemareview,BLAST review by prashanth,2026-05-29T13:05:01Z,79848,1611,140,2,False,False,Blast,2026-07-13 11:29:07.942349+00:00,,,,
-GmXAiBTYBQ,Second Show,"'Blast' Tamil Movie Review | Subash K. Raj - Arjun, Abhirami, Preity Mukhundhan - Ravi Basrur",2026-05-31T14:04:46Z,29903,810,82,2,False,False,Blast,2026-07-13 11:29:07.942349+00:00,,,,
3hUwnHct-xM,Tamil Talkies,"BLAST Review - Arjun, AGS Entertainments, Ravi Basur  - Tamil Talkies",2026-05-28T23:06:49Z,558697,10146,807,5,True,False,Blast,2026-07-13 11:29:07.942349+00:00,,,,
seluMZhrPxI,Friday Facts,**தா என்னடா படம் இது🤬 PARIMALA AND CO PUBLIC REVIEW | PARIMALA AND CO Movie Review #parimalaandco,2026-06-05T10:30:25Z,198305,2335,47,2,False,False,Parimala and Co,2026-07-13 11:29:07.942349+00:00,,,,
Pgx3Mw-FpdQ,Second Show,'பரிமளா & கோ' திரைப்பட விமர்சனம் - 'Parimala & Co' Movie Review | Pandiraaj Jayaram Urvashi Mysskin,2026-06-06T07:58:21Z,24500,512,43,2,False,False,Parimala and Co,2026-07-13 11:29:07.942349+00:00,,,,
dkOCFL9V0GY,Tamil Talkies,"PARIMALA AND CO Review - Mysskin, Jayaram, Pandiraaj, Urvashi - Tamil Talkies",2026-06-08T17:13:21Z,63341,899,7,5,True,False,Parimala and Co,2026-07-13 11:29:07.942349+00:00,,,,
ra9HyjPiQNc,B5 Voice,Parimala And Co Movie Explained Story & Review In Tamil / Tamil New Movies / B5 Voice ,2026-06-05T12:51:35Z,82220,810,85,2,False,False,Parimala and Co,2026-07-13 11:29:07.942349+00:00,,,,
9prCSA-c38I,The Fencer Show,Parimala And Co Movie Review Tamil | Parimala And Co Review Tamil | Parimala And Co Tamil Review,2026-06-06T11:10:45Z,7605,148,16,2,False,False,Parimala and Co,2026-07-13 11:29:07.942349+00:00,,,,
2bEBLs858jw,Picture Hype,Blast Full Movie in Tamil 2026 | Arjun Sarja | Preity Mukhundhan | Abhirami G | Commentary & Review,2026-05-30T10:52:57Z,336271,0,0,2,False,False,Blast,2026-07-13 11:29:07.942349+00:00,,,,
3YpXTjfiKJA,Galatta Plus,Youth Movie Review By Baradwaj Rangan | Ken Karunaas | Suraj Venjaramoodu | GV Prakash Kumar,2026-03-19T09:54:36Z,41524,478,38,2,False,False,Youth,2026-07-13 11:29:07.942349+00:00,,,,
